{
  "schemaVersion": "2.0",
  "glyph": {
    "char": "A",
    "case": "upper",
    "style": "print",
    "name": "template upper A"
  },
  "guides": {
    "xHeight": 414.62615352348985,
    "baseline": 913.0531669463087,
    "leftSidebearing": 310.0204779782059,
    "rightSidebearing": 962.0271775130745,
    "ascender": 40.792785234899156
  },
  "strokes": [
    {
      "kind": "stroke",
      "phase": "main",
      "segment": "body",
      "curves": [
        {
          "p0": {
            "x": 314.4489094859404,
            "y": 905.4530018267872
          },
          "p1": {
            "x": 398.7000961728233,
            "y": 679.6437922275895
          },
          "p2": {
            "x": 488.66610340506054,
            "y": 269.0377493267722
          },
          "p3": {
            "x": 572.9172900919434,
            "y": 43.22853972757463
          },
          "segment": "body"
        },
        {
          "p0": {
            "x": 572.9172900919434,
            "y": 43.22853972757463
          },
          "p1": {
            "x": 655.2731229196921,
            "y": 258.2071558460057
          },
          "p2": {
            "x": 884.2357386344914,
            "y": 690.2451907130453
          },
          "p3": {
            "x": 966.5915714622402,
            "y": 905.2238068314764
          },
          "segment": "body"
        }
      ]
    },
    {
      "kind": "stroke",
      "phase": "main",
      "segment": "body",
      "curves": [
        {
          "p0": {
            "x": 443.0760667478437,
            "y": 487.25503570227306
          },
          "p1": {
            "x": 509.06687282615417,
            "y": 487.0860784439731
          },
          "p2": {
            "x": 712.9388291171128,
            "y": 484.7175414202024
          },
          "p3": {
            "x": 778.9296351954233,
            "y": 484.54858416190245
          },
          "segment": "body"
        }
      ]
    }
  ]
}
