{
  "schemaVersion": "2.0",
  "glyph": {
    "char": "c",
    "case": "lower",
    "style": "print",
    "name": "traced lower c"
  },
  "guides": {
    "xHeight": 234.09972734899316,
    "baseline": 781.8923028523488,
    "leftSidebearing": 381.28132926253784,
    "rightSidebearing": 846.4162263938848
  },
  "strokes": [
    {
      "kind": "stroke",
      "phase": "main",
      "segment": "body",
      "curves": [
        {
          "p0": {
            "x": 843.7218974820144,
            "y": 307.7752641636691
          },
          "p1": {
            "x": 449.941552070366,
            "y": 39.23684021401569
          },
          "p2": {
            "x": 242.42450026982803,
            "y": 616.0498970734791
          },
          "p3": {
            "x": 490.33941324841027,
            "y": 745.7760481057928
          },
          "segment": "body"
        },
        {
          "p0": {
            "x": 490.33941324841027,
            "y": 745.7760481057928
          },
          "p1": {
            "x": 578.3548825201599,
            "y": 791.83180135898
          },
          "p2": {
            "x": 715.7621343085107,
            "y": 790.9657579787234
          },
          "p3": {
            "x": 864.2245678191489,
            "y": 724.9792220744681
          },
          "segment": "body"
        }
      ]
    }
  ]
}