{
  "schemaVersion": "2.0",
  "glyph": {
    "char": "C",
    "case": "upper",
    "style": "print",
    "name": "template upper C"
  },
  "guides": {
    "xHeight": 414.62615352348985,
    "baseline": 913.0531669463087,
    "leftSidebearing": 366.8790599356453,
    "rightSidebearing": 964.6691414683842,
    "ascender": 40.792785234899156
  },
  "strokes": [
    {
      "kind": "stroke",
      "phase": "main",
      "segment": "body",
      "curves": [
        {
          "p0": {
            "x": 956.8922913730573,
            "y": 132.16602379512443
          },
          "p1": {
            "x": 376.74567496133363,
            "y": -227.48288979032915
          },
          "p2": {
            "x": 263.57721661149174,
            "y": 722.4463441320461
          },
          "p3": {
            "x": 501.37369817623994,
            "y": 852.8912069917583
          },
          "segment": "body"
        },
        {
          "p0": {
            "x": 501.37369817623994,
            "y": 852.8912069917583
          },
          "p1": {
            "x": 739.1701797409881,
            "y": 983.3360698514705
          },
          "p2": {
            "x": 954.1943143657643,
            "y": 791.933640551653
          },
          "p3": {
            "x": 959.6765957281743,
            "y": 788.3017466527095
          },
          "segment": "body"
        }
      ]
    }
  ]
}
