{
  "schemaVersion": "2.0",
  "glyph": {
    "char": "C",
    "case": "upper",
    "style": "print",
    "name": "template upper C"
  },
  "guides": {
    "xHeight": 414.62615352348985,
    "baseline": 781.8923028523488,
    "leftSidebearing": 366.8790599356453,
    "rightSidebearing": 902.3233607449977,
    "ascender": 40.792785234899156
  },
  "strokes": [
    {
      "kind": "stroke",
      "phase": "main",
      "segment": "body",
      "curves": [
        {
          "p0": {
            "x": 902.5223307438034,
            "y": 134.43472443724704
          },
          "p1": {
            "x": 341.322072200638,
            "y": -194.1469414800191
          },
          "p2": {
            "x": 272.6886976502782,
            "y": 583.8572176926427
          },
          "p3": {
            "x": 510.4851792150264,
            "y": 714.3020805523549
          },
          "segment": "body"
        },
        {
          "p0": {
            "x": 510.4851792150264,
            "y": 714.3020805523549
          },
          "p1": {
            "x": 748.2816607797746,
            "y": 844.7469434120671
          },
          "p2": {
            "x": 895.7794558298674,
            "y": 709.7730423083409
          },
          "p3": {
            "x": 901.2617371922775,
            "y": 706.1411484093975
          },
          "segment": "body"
        }
      ]
    }
  ]
}
