{
  "schemaVersion": "2.0",
  "glyph": {
    "char": "D",
    "case": "upper",
    "style": "print",
    "name": "template upper D"
  },
  "guides": {
    "xHeight": 414.62615352348985,
    "baseline": 913.0531669463087,
    "leftSidebearing": 311.2689289105864,
    "rightSidebearing": 868.3672176929231,
    "ascender": 40.792785234899156
  },
  "strokes": [
    {
      "kind": "stroke",
      "phase": "main",
      "segment": "body",
      "curves": [
        {
          "p0": {
            "x": 311.46429245763545,
            "y": 38.70527813588973
          },
          "p1": {
            "x": 311.881146474422,
            "y": 329.4492454620288
          },
          "p2": {
            "x": 312.2980004912086,
            "y": 620.1932127881678
          },
          "p3": {
            "x": 312.71485450799514,
            "y": 910.937180114307
          },
          "segment": "body"
        }
      ]
    },
    {
      "kind": "stroke",
      "phase": "main",
      "segment": "body",
      "curves": [
        {
          "p0": {
            "x": 317.54848760152026,
            "y": 46.4264449524365
          },
          "p1": {
            "x": 740.4703063964844,
            "y": 39.37973856754439
          },
          "p2": {
            "x": 866.179894975621,
            "y": 172.12198227258045
          },
          "p3": {
            "x": 864.4656413784987,
            "y": 505.6567169848106
          },
          "segment": "body"
        },
        {
          "p0": {
            "x": 864.4656413784987,
            "y": 505.6567169848106
          },
          "p1": {
            "x": 862.7513877813765,
            "y": 839.1914516970407
          },
          "p2": {
            "x": 698.7731953353332,
            "y": 914.0987133876881
          },
          "p3": {
            "x": 319.48053571303114,
            "y": 906.9676994488393
          },
          "segment": "body"
        }
      ]
    }
  ]
}