{
  "schemaVersion": "2.0",
  "glyph": {
    "char": "e",
    "case": "lower",
    "style": "print",
    "name": "traced lower e"
  },
  "guides": {
    "xHeight": 120.33347315436231,
    "baseline": 829.8699446857039,
    "leftSidebearing": 275.47757233078926,
    "rightSidebearing": 799.0673209681205
  },
  "strokes": [
    {
      "kind": "stroke",
      "phase": "main",
      "segment": "body",
      "curves": [
        {
          "p0": {
            "x": 290.5751329787234,
            "y": 488.8879654255319
          },
          "p1": {
            "x": 484.27111037234044,
            "y": 499.6883311170213
          },
          "p2": {
            "x": 792.3048280125898,
            "y": 477.6479597571942
          },
          "p3": {
            "x": 795.3082846223022,
            "y": 324.0466220773381
          },
          "segment": "body"
        },
        {
          "p0": {
            "x": 795.3082846223022,
            "y": 324.0466220773381
          },
          "p1": {
            "x": 798.3117412320145,
            "y": 170.445284397482
          },
          "p2": {
            "x": 666.521470323741,
            "y": 95.76635566546763
          },
          "p3": {
            "x": 478.3891636690647,
            "y": 144.5066602967626
          },
          "segment": "body"
        },
        {
          "p0": {
            "x": 478.3891636690647,
            "y": 144.5066602967626
          },
          "p1": {
            "x": 290.2568570143884,
            "y": 193.24696492805754
          },
          "p2": {
            "x": 278.99354718352976,
            "y": 388.01064367920554
          },
          "p3": {
            "x": 285.2518284574468,
            "y": 501.15940824468083
          },
          "segment": "body"
        },
        {
          "p0": {
            "x": 285.2518284574468,
            "y": 501.15940824468083
          },
          "p1": {
            "x": 291.5101097313638,
            "y": 614.3081728101567
          },
          "p2": {
            "x": 441.83843085106383,
            "y": 951.2965425531914
          },
          "p3": {
            "x": 843.0061502659574,
            "y": 770.7488364361702
          },
          "segment": "body"
        }
      ]
    }
  ]
}
