{
  "schemaVersion": "2.0",
  "glyph": {
    "char": "f",
    "case": "lower",
    "style": "print",
    "name": "traced lower f"
  },
  "guides": {
    "xHeight": 284.90719379194616,
    "baseline": 665.2553481543623,
    "leftSidebearing": 283.5298167715827,
    "rightSidebearing": 720.6996121852518,
    "ascender": 55.959138938848916
  },
  "strokes": [
    {
      "kind": "stroke",
      "phase": "main",
      "segment": "body",
      "curves": [
        {
          "p0": {
            "x": 719.7300753147482,
            "y": 60.67684914568345
          },
          "p1": {
            "x": 548.7157149280575,
            "y": 56.911111735611506
          },
          "p2": {
            "x": 528.1616456392591,
            "y": 165.01706128723612
          },
          "p3": {
            "x": 516.3767176223375,
            "y": 318.0418761551663
          },
          "segment": "body"
        },
        {
          "p0": {
            "x": 516.3767176223375,
            "y": 318.0418761551663
          },
          "p1": {
            "x": 509.0525639787911,
            "y": 413.1444727733791
          },
          "p2": {
            "x": 495.64547230472544,
            "y": 507.7371455219557
          },
          "p3": {
            "x": 489.2815346659918,
            "y": 602.9088188699172
          },
          "segment": "body"
        },
        {
          "p0": {
            "x": 489.2815346659918,
            "y": 602.9088188699172
          },
          "p1": {
            "x": 481.61161562155564,
            "y": 717.6112360431368
          },
          "p2": {
            "x": 503.23467113649406,
            "y": 827.0905122821166
          },
          "p3": {
            "x": 423.91871617012845,
            "y": 921.9264839761925
          },
          "segment": "body"
        },
        {
          "p0": {
            "x": 423.91871617012845,
            "y": 921.9264839761925
          },
          "p1": {
            "x": 388.84475535359564,
            "y": 963.8634833681351
          },
          "p2": {
            "x": 287.961170848325,
            "y": 945.628910655598
          },
          "p3": {
            "x": 285.955570416056,
            "y": 844.5224249208574
          },
          "segment": "body"
        }
      ]
    }
  ]
}
