{
  "schemaVersion": "2.0",
  "glyph": {
    "char": "f",
    "case": "lower",
    "style": "print",
    "name": "traced lower f"
  },
  "guides": {
    "xHeight": 284.90719379194616,
    "baseline": 665.2553481543623,
    "leftSidebearing": 410.98845188871337,
    "rightSidebearing": 720.6996121852518,
    "ascender": 55.959138938848916
  },
  "strokes": [
    {
      "kind": "stroke",
      "phase": "main",
      "segment": "body",
      "curves": [
        {
          "p0": {
            "x": 719.1988031914893,
            "y": 103.29122340425532
          },
          "p1": {
            "x": 528.2152969685005,
            "y": -20.718450797872343
          },
          "p2": {
            "x": 525.2410239361702,
            "y": 216.00731382978717
          },
          "p3": {
            "x": 519.7182513297872,
            "y": 314.24119015957444
          },
          "segment": "body"
        },
        {
          "p0": {
            "x": 519.7182513297872,
            "y": 314.24119015957444
          },
          "p1": {
            "x": 514.1954787234042,
            "y": 412.4750664893617
          },
          "p2": {
            "x": 511.12034574468083,
            "y": 471.3056848404255
          },
          "p3": {
            "x": 510.99567819148933,
            "y": 662.7950465425532
          },
          "segment": "body"
        }
      ]
    },
    {
      "kind": "stroke",
      "phase": "deferred",
      "segment": "body",
      "curves": [
        {
          "p0": {
            "x": 666.0821143617021,
            "y": 347.6728723404255
          },
          "p1": {
            "x": 608.546322051515,
            "y": 349.12677080479074
          },
          "p2": {
            "x": 473.1441699697616,
            "y": 347.5321387696773
          },
          "p3": {
            "x": 415.60837765957444,
            "y": 348.98603723404256
          },
          "segment": "body"
        }
      ]
    }
  ]
}
