{
  "schemaVersion": "2.0",
  "glyph": {
    "char": "j",
    "case": "lower",
    "style": "print",
    "name": "traced lower j"
  },
  "guides": {
    "xHeight": 200,
    "baseline": 626.4419043624159,
    "leftSidebearing": 299.56121261474937,
    "rightSidebearing": 621.2894578646991,
    "ascender": 56.24737835570454,
    "descender": 945.8368288590602
  },
  "strokes": [
    {
      "kind": "stroke",
      "phase": "main",
      "segment": "body",
      "curves": [
        {
          "p0": {
            "x": 597.1057046979868,
            "y": 203.15121644295323
          },
          "p1": {
            "x": 598.2214095744681,
            "y": 748.1133643617021
          },
          "p2": {
            "x": 628.352272845329,
            "y": 1072.1528047602228
          },
          "p3": {
            "x": 301.6899686772773,
            "y": 873.9091796875
          },
          "segment": "body"
        }
      ]
    },
    {
      "kind": "mark",
      "phase": "deferred",
      "mark": {
        "x": 605.2459102348994,
        "y": 69.77506291946293,
        "size": 18
      },
      "curves": [
        {
          "p0": {
            "x": 605.2459102348994,
            "y": 69.77506291946293
          },
          "p1": {
            "x": 605.5459102348993,
            "y": 69.77506291946293
          },
          "p2": {
            "x": 605.8459102348994,
            "y": 69.77506291946293
          },
          "p3": {
            "x": 606.1459102348994,
            "y": 69.77506291946293
          }
        }
      ]
    }
  ]
}
