{
  "schemaVersion": "2.0",
  "glyph": {
    "char": "j",
    "case": "lower",
    "style": "print",
    "name": "traced lower j"
  },
  "guides": {
    "xHeight": 200,
    "baseline": 626.4419043624159,
    "leftSidebearing": 384.5689073741007,
    "rightSidebearing": 621.2894578646991,
    "ascender": 56.24737835570454,
    "descender": 945.8368288590602
  },
  "strokes": [
    {
      "kind": "stroke",
      "phase": "main",
      "segment": "body",
      "curves": [
        {
          "p0": {
            "x": 597.1057046979868,
            "y": 203.15121644295323
          },
          "p1": {
            "x": 578.4025123651079,
            "y": 603.1924460431654
          },
          "p2": {
            "x": 612.533020458633,
            "y": 935.8911308453237
          },
          "p3": {
            "x": 381.6005789118705,
            "y": 941.9050696942446
          },
          "segment": "body"
        }
      ]
    },
    {
      "kind": "mark",
      "phase": "deferred",
      "mark": {
        "x": 605.2459102348994,
        "y": 69.77506291946293,
        "size": 18
      },
      "curves": [
        {
          "p0": {
            "x": 605.2459102348994,
            "y": 69.77506291946293
          },
          "p1": {
            "x": 605.5459102348993,
            "y": 69.77506291946293
          },
          "p2": {
            "x": 605.8459102348994,
            "y": 69.77506291946293
          },
          "p3": {
            "x": 606.1459102348994,
            "y": 69.77506291946293
          }
        }
      ]
    }
  ]
}
