{
  "schemaVersion": "2.0",
  "glyph": {
    "char": "K",
    "case": "upper",
    "style": "print",
    "name": "template upper K"
  },
  "guides": {
    "xHeight": 414.62615352348985,
    "baseline": 913.0531669463087,
    "leftSidebearing": 390.40316192122475,
    "rightSidebearing": 846.3788325264857,
    "ascender": 40.792785234899156
  },
  "strokes": [
    {
      "kind": "stroke",
      "phase": "main",
      "segment": "body",
      "curves": [
        {
          "p0": {
            "x": 390.3827264435557,
            "y": 40.56602118852172
          },
          "p1": {
            "x": 390.74814658902216,
            "y": 331.39660656236117
          },
          "p2": {
            "x": 391.11356673448864,
            "y": 622.2271919362006
          },
          "p3": {
            "x": 391.4789868799551,
            "y": 913.05777731004
          },
          "segment": "body"
        }
      ]
    },
    {
      "kind": "stroke",
      "phase": "main",
      "segment": "body",
      "curves": [
        {
          "p0": {
            "x": 847.9574475549007,
            "y": 39.81617905002456
          },
          "p1": {
            "x": 731.883141560841,
            "y": 146.0629048855212
          },
          "p2": {
            "x": 397.37686802778364,
            "y": 429.4709885638112
          },
          "p3": {
            "x": 393.4741808742019,
            "y": 432.73345962253563
          },
          "segment": "body"
        },
        {
          "p0": {
            "x": 393.4741808742019,
            "y": 432.73345962253563
          },
          "p1": {
            "x": 389.5714937206202,
            "y": 435.99593068126006
          },
          "p2": {
            "x": 813.0788255104189,
            "y": 883.0027011857153
          },
          "p3": {
            "x": 845.9140181014524,
            "y": 907.9798989686382
          },
          "segment": "body"
        }
      ]
    }
  ]
}
