{
  "schemaVersion": "2.0",
  "glyph": {
    "char": "l",
    "case": "lower",
    "style": "print",
    "name": "traced lower l"
  },
  "guides": {
    "xHeight": 351.641149328859,
    "baseline": 924.3524538590602,
    "leftSidebearing": 524.3553048050047,
    "rightSidebearing": 846.7027925531916,
    "ascender": 45.734584731543464
  },
  "strokes": [
    {
      "kind": "stroke",
      "phase": "main",
      "segment": "body",
      "curves": [
        {
          "p0": {
            "x": 551.5974488549953,
            "y": 49.04332518749099
          },
          "p1": {
            "x": 540.6203462888868,
            "y": 275.0649687549193
          },
          "p2": {
            "x": 523.7693199214312,
            "y": 571.5067536988296
          },
          "p3": {
            "x": 529.5072964500177,
            "y": 739.3352544926706
          },
          "segment": "body"
        },
        {
          "p0": {
            "x": 529.5072964500177,
            "y": 739.3352544926706
          },
          "p1": {
            "x": 535.2452729786042,
            "y": 907.1637552865117
          },
          "p2": {
            "x": 730.3585691355645,
            "y": 967.678553911473
          },
          "p3": {
            "x": 844.8611129877418,
            "y": 857.1085167585536
          },
          "segment": "body"
        }
      ]
    }
  ]
}
