{
  "schemaVersion": "2.0",
  "glyph": {
    "char": "M",
    "case": "upper",
    "style": "print",
    "name": "template upper M"
  },
  "guides": {
    "xHeight": 414.62615352348985,
    "baseline": 913.0531669463087,
    "leftSidebearing": -0.35606445854514845,
    "rightSidebearing": 1006.7628051625741,
    "ascender": 40.792785234899156
  },
  "strokes": [
    {
      "kind": "stroke",
      "phase": "main",
      "segment": "body",
      "curves": [
        {
          "p0": {
            "x": 6.32365372712664,
            "y": 913.0881582918785
          },
          "p1": {
            "x": 75.2397794191786,
            "y": 622.7323115986885
          },
          "p2": {
            "x": 144.15590511123057,
            "y": 332.37646490549866
          },
          "p3": {
            "x": 213.07203080328253,
            "y": 42.02061821230882
          },
          "segment": "body"
        },
        {
          "p0": {
            "x": 213.07203080328253,
            "y": 42.02061821230882
          },
          "p1": {
            "x": 309.0231891118652,
            "y": 332.60349460214167
          },
          "p2": {
            "x": 404.97434742044777,
            "y": 623.1863709919745
          },
          "p3": {
            "x": 500.9255057290304,
            "y": 913.7692473818074
          },
          "segment": "body"
        },
        {
          "p0": {
            "x": 500.9255057290304,
            "y": 913.7692473818074
          },
          "p1": {
            "x": 606.4943146679899,
            "y": 623.9919059896928
          },
          "p2": {
            "x": 712.0631236069495,
            "y": 334.21456459757815
          },
          "p3": {
            "x": 817.631932545909,
            "y": 44.43722320546351
          },
          "segment": "body"
        },
        {
          "p0": {
            "x": 817.631932545909,
            "y": 44.43722320546351
          },
          "p1": {
            "x": 879.602631222144,
            "y": 329.5747502787794
          },
          "p2": {
            "x": 941.5733298983791,
            "y": 614.7122773520953
          },
          "p3": {
            "x": 1003.5440285746142,
            "y": 899.8498044254111
          },
          "segment": "body"
        }
      ]
    }
  ]
}
