{
  "schemaVersion": "2.0",
  "glyph": {
    "char": "N",
    "case": "upper",
    "style": "print",
    "name": "template upper N"
  },
  "guides": {
    "xHeight": 414.62615352348985,
    "baseline": 913.0531669463087,
    "leftSidebearing": 250.25292266187049,
    "rightSidebearing": 816.6697111061151,
    "ascender": 40.792785234899156
  },
  "strokes": [
    {
      "kind": "stroke",
      "phase": "main",
      "segment": "body",
      "curves": [
        {
          "p0": {
            "x": 236.20868929856115,
            "y": 911.4208633093525
          },
          "p1": {
            "x": 242.26829473920864,
            "y": 621.5949115707434
          },
          "p2": {
            "x": 248.3279001798561,
            "y": 331.7689598321343
          },
          "p3": {
            "x": 254.3875056205036,
            "y": 41.94300809352518
          },
          "segment": "body"
        },
        {
          "p0": {
            "x": 254.3875056205036,
            "y": 41.94300809352518
          },
          "p1": {
            "x": 443.25867431055156,
            "y": 333.5347347122302
          },
          "p2": {
            "x": 632.4986885491606,
            "y": 625.1264613309352
          },
          "p3": {
            "x": 821.3698572392086,
            "y": 916.7181879496402
          },
          "segment": "body"
        },
        {
          "p0": {
            "x": 821.3698572392086,
            "y": 916.7181879496402
          },
          "p1": {
            "x": 819.4905013489208,
            "y": 625.4086574490407
          },
          "p2": {
            "x": 817.6111454586331,
            "y": 334.09912694844127
          },
          "p3": {
            "x": 815.7317895683453,
            "y": 42.789596447841724
          },
          "segment": "body"
        }
      ]
    }
  ]
}
