{
  "schemaVersion": "2.0",
  "glyph": {
    "char": "O",
    "case": "upper",
    "style": "print",
    "name": "template upper O"
  },
  "guides": {
    "xHeight": 414.62615352348985,
    "baseline": 913.0531669463087,
    "leftSidebearing": 287.3162610282143,
    "rightSidebearing": 983.2022554419882,
    "ascender": 40.792785234899156
  },
  "strokes": [
    {
      "kind": "stroke",
      "phase": "main",
      "segment": "body",
      "curves": [
        {
          "p0": {
            "x": 655.9396777260217,
            "y": 41.505589115105096
          },
          "p1": {
            "x": 405.37161435197584,
            "y": 32.148140068534474
          },
          "p2": {
            "x": 303.13185181034567,
            "y": 258.36594001294895
          },
          "p3": {
            "x": 294.94979761958984,
            "y": 418.8334577173638
          },
          "segment": "body"
        },
        {
          "p0": {
            "x": 294.94979761958984,
            "y": 418.8334577173638
          },
          "p1": {
            "x": 286.767743428834,
            "y": 579.3009754217786
          },
          "p2": {
            "x": 354.69250615209125,
            "y": 902.3386616282326
          },
          "p3": {
            "x": 645.4264237378999,
            "y": 904.5588519114384
          },
          "segment": "body"
        },
        {
          "p0": {
            "x": 645.4264237378999,
            "y": 904.5588519114384
          },
          "p1": {
            "x": 936.1603413237085,
            "y": 906.7790421946443
          },
          "p2": {
            "x": 978.2655970475657,
            "y": 703.6381612527284
          },
          "p3": {
            "x": 975.483829222137,
            "y": 438.0315736956734
          },
          "segment": "body"
        },
        {
          "p0": {
            "x": 975.483829222137,
            "y": 438.0315736956734
          },
          "p1": {
            "x": 972.7020613967084,
            "y": 172.42498613861835
          },
          "p2": {
            "x": 857.4937756125876,
            "y": 56.8183720978044
          },
          "p3": {
            "x": 655.9396777260217,
            "y": 41.505589115105096
          },
          "segment": "body"
        }
      ]
    }
  ]
}
