{
  "schemaVersion": "2.0",
  "glyph": {
    "char": "P",
    "case": "upper",
    "style": "print",
    "name": "template upper P"
  },
  "guides": {
    "xHeight": 414.62615352348985,
    "baseline": 913.0531669463087,
    "leftSidebearing": 338.66428339968877,
    "rightSidebearing": 818.5405084083493,
    "descender": 972.3023280201339,
    "ascender": 40.792785234899156
  },
  "strokes": [
    {
      "kind": "stroke",
      "phase": "main",
      "segment": "body",
      "curves": [
        {
          "p0": {
            "x": 344.0204867356115,
            "y": 42.31887927158273
          },
          "p1": {
            "x": 346.4197392086331,
            "y": 330.80996140587524
          },
          "p2": {
            "x": 348.81899168165467,
            "y": 619.3010435401678
          },
          "p3": {
            "x": 351.21824415467626,
            "y": 907.7921256744604
          },
          "segment": "body"
        }
      ]
    },
    {
      "kind": "stroke",
      "phase": "main",
      "segment": "body",
      "curves": [
        {
          "p0": {
            "x": 344.93381857014384,
            "y": 43.78021020683453
          },
          "p1": {
            "x": 611.4686375899278,
            "y": 37.41850269784173
          },
          "p2": {
            "x": 819.4483475719423,
            "y": 52.14773493705036
          },
          "p3": {
            "x": 818.675528327338,
            "y": 208.0886072392086
          },
          "segment": "body"
        },
        {
          "p0": {
            "x": 818.675528327338,
            "y": 208.0886072392086
          },
          "p1": {
            "x": 817.9027090827337,
            "y": 364.02947954136687
          },
          "p2": {
            "x": 733.88671875,
            "y": 514.1215152877697
          },
          "p3": {
            "x": 350.1784509892086,
            "y": 511.6695705935252
          },
          "segment": "body"
        }
      ]
    }
  ]
}
