{
  "schemaVersion": "2.0",
  "glyph": {
    "char": "r",
    "case": "lower",
    "style": "print",
    "name": "traced lower r"
  },
  "guides": {
    "xHeight": 158.93718540268446,
    "baseline": 891.8833892617447,
    "leftSidebearing": 498.99081507277504,
    "rightSidebearing": 1000
  },
  "strokes": [
    {
      "kind": "stroke",
      "phase": "main",
      "segment": "descender",
      "curves": [
        {
          "p0": {
            "x": 537.5449640287769,
            "y": 158.85299572841726
          },
          "p1": {
            "x": 506.86831905425686,
            "y": 407.0734491022232
          },
          "p2": {
            "x": 491.0840698084501,
            "y": 638.7566373421135
          },
          "p3": {
            "x": 499.46956497302153,
            "y": 888.9529001798561
          },
          "segment": "descender"
        },
        {
          "p0": {
            "x": 499.46956497302153,
            "y": 888.9529001798561
          },
          "p1": {
            "x": 500.01200509779267,
            "y": 785.0344288193747
          },
          "p2": {
            "x": 469.03763726664727,
            "y": 403.5286825549361
          },
          "p3": {
            "x": 568.6242143346908,
            "y": 297.02886248649435
          },
          "segment": "ascender"
        },
        {
          "p0": {
            "x": 568.6242143346908,
            "y": 297.02886248649435
          },
          "p1": {
            "x": 668.2107914027343,
            "y": 190.52904241805263
          },
          "p2": {
            "x": 792.2493351063829,
            "y": 92.12200797872339
          },
          "p3": {
            "x": 994.6132435900099,
            "y": 254.19309120989857
          },
          "segment": "body"
        }
      ]
    }
  ]
}
