{
  "schemaVersion": "2.0",
  "glyph": {
    "char": "r",
    "case": "lower",
    "style": "print",
    "name": "traced lower r"
  },
  "guides": {
    "xHeight": 158.93718540268446,
    "baseline": 891.8833892617447,
    "leftSidebearing": 498.99081507277504,
    "rightSidebearing": 995.0348225308837
  },
  "strokes": [
    {
      "kind": "stroke",
      "phase": "main",
      "segment": "descender",
      "curves": [
        {
          "p0": {
            "x": 537.5449640287769,
            "y": 158.85299572841726
          },
          "p1": {
            "x": 506.86831905425686,
            "y": 407.0734491022232
          },
          "p2": {
            "x": 491.0840698084501,
            "y": 638.7566373421135
          },
          "p3": {
            "x": 499.46956497302153,
            "y": 888.9529001798561
          },
          "segment": "descender"
        },
        {
          "p0": {
            "x": 499.46956497302153,
            "y": 888.9529001798561
          },
          "p1": {
            "x": 500.01200509779267,
            "y": 785.0344288193747
          },
          "p2": {
            "x": 478.36801605276185,
            "y": 416.6796648670993
          },
          "p3": {
            "x": 577.9545931208054,
            "y": 310.17984479865754
          },
          "segment": "ascender"
        },
        {
          "p0": {
            "x": 577.9545931208054,
            "y": 310.17984479865754
          },
          "p1": {
            "x": 677.5411701888489,
            "y": 203.68002473021582
          },
          "p2": {
            "x": 893.9114346289805,
            "y": 146.61185508666273
          },
          "p3": {
            "x": 998.4415380834675,
            "y": 197.6654306092708
          },
          "segment": "body"
        }
      ]
    }
  ]
}
