{
  "schemaVersion": "2.0",
  "glyph": {
    "char": "R",
    "case": "upper",
    "style": "print",
    "name": "template upper R"
  },
  "guides": {
    "xHeight": 414.62615352348985,
    "baseline": 913.0531669463087,
    "leftSidebearing": 551.4475041422055,
    "rightSidebearing": 1001.9841907050111,
    "ascender": 40.792785234899156
  },
  "strokes": [
    {
      "kind": "stroke",
      "phase": "main",
      "segment": "body",
      "curves": [
        {
          "p0": {
            "x": 556.9703881397521,
            "y": 43.14786516419417
          },
          "p1": {
            "x": 555.9538111377963,
            "y": 333.0257939160299
          },
          "p2": {
            "x": 554.9372341358404,
            "y": 622.9037226678656
          },
          "p3": {
            "x": 553.9206571338846,
            "y": 912.7816514197013
          },
          "segment": "body"
        }
      ]
    },
    {
      "kind": "stroke",
      "phase": "main",
      "segment": "body",
      "curves": [
        {
          "p0": {
            "x": 559.1171595732942,
            "y": 49.55230027651615
          },
          "p1": {
            "x": 1042.3799267089623,
            "y": 34.19002781754776
          },
          "p2": {
            "x": 996.2635950613364,
            "y": 155.31951845292565
          },
          "p3": {
            "x": 998.542075479631,
            "y": 271.9896555049814
          },
          "segment": "body"
        },
        {
          "p0": {
            "x": 998.542075479631,
            "y": 271.9896555049814
          },
          "p1": {
            "x": 987.181568427909,
            "y": 425.0911295413971
          },
          "p2": {
            "x": 774.6341133254896,
            "y": 467.7648517956836
          },
          "p3": {
            "x": 558.2680208528642,
            "y": 471.41141543456973
          },
          "segment": "body"
        },
        {
          "p0": {
            "x": 558.2680208528642,
            "y": 471.41141543456973
          },
          "p1": {
            "x": 592.5148750003293,
            "y": 499.45960888073597
          },
          "p2": {
            "x": 999.0415590006892,
            "y": 904.0244961191863
          },
          "p3": {
            "x": 1003.6146330837723,
            "y": 904.8268075838363
          },
          "segment": "body"
        }
      ]
    }
  ]
}
