{
  "schemaVersion": "2.0",
  "glyph": {
    "char": "S",
    "case": "upper",
    "style": "print",
    "name": "template upper S"
  },
  "guides": {
    "xHeight": 414.62615352348985,
    "baseline": 913.0531669463087,
    "leftSidebearing": 350.1051165903215,
    "rightSidebearing": 823.8891982466196,
    "ascender": 34.33018147345069
  },
  "strokes": [
    {
      "kind": "stroke",
      "phase": "main",
      "segment": "body",
      "curves": [
        {
          "p0": {
            "x": 819.0513995053957,
            "y": 140.1613084532374
          },
          "p1": {
            "x": 635.2161645683452,
            "y": -74.01681606375055
          },
          "p2": {
            "x": 358.0509620034992,
            "y": 55.23336210431347
          },
          "p3": {
            "x": 357.81925777737183,
            "y": 196.20971070433689
          },
          "segment": "body"
        },
        {
          "p0": {
            "x": 357.81925777737183,
            "y": 196.20971070433689
          },
          "p1": {
            "x": 357.58755355124447,
            "y": 337.1860593043603
          },
          "p2": {
            "x": 495.54553814214444,
            "y": 405.50033255108815
          },
          "p3": {
            "x": 600.5195332261478,
            "y": 451.85813486843745
          },
          "segment": "body"
        },
        {
          "p0": {
            "x": 600.5195332261478,
            "y": 451.85813486843745
          },
          "p1": {
            "x": 705.4935283101512,
            "y": 498.21593718578674
          },
          "p2": {
            "x": 830.394619822502,
            "y": 512.2074212599143
          },
          "p3": {
            "x": 817.9576525919728,
            "y": 715.2115449913971
          },
          "segment": "body"
        },
        {
          "p0": {
            "x": 817.9576525919728,
            "y": 715.2115449913971
          },
          "p1": {
            "x": 805.5206853614435,
            "y": 918.2156687228799
          },
          "p2": {
            "x": 466.91558816021296,
            "y": 964.3536264913545
          },
          "p3": {
            "x": 369.33426452197614,
            "y": 817.9076648410276
          },
          "segment": "body"
        }
      ]
    }
  ]
}
