{
  "schemaVersion": "2.0",
  "glyph": {
    "char": "u",
    "case": "lower",
    "style": "print",
    "name": "traced lower u"
  },
  "guides": {
    "xHeight": 211.65845218120785,
    "baseline": 735.9086619127515,
    "leftSidebearing": 343.6751994680851,
    "rightSidebearing": 867.524102393617
  },
  "strokes": [
    {
      "kind": "stroke",
      "phase": "main",
      "segment": "body",
      "curves": [
        {
          "p0": {
            "x": 362.71568682553954,
            "y": 213.79693120503597
          },
          "p1": {
            "x": 349.46982248436603,
            "y": 298.66269889131024
          },
          "p2": {
            "x": 323.60049460431657,
            "y": 728.968778102518
          },
          "p3": {
            "x": 494.4567783273381,
            "y": 730.9324415467626
          },
          "segment": "body"
        },
        {
          "p0": {
            "x": 494.4567783273381,
            "y": 730.9324415467626
          },
          "p1": {
            "x": 803.5985274280574,
            "y": 730.2298785971224
          },
          "p2": {
            "x": 731.6307348483782,
            "y": 394.79916820844596
          },
          "p3": {
            "x": 741.2003990557554,
            "y": 214.69972459532374
          },
          "segment": "body"
        },
        {
          "p0": {
            "x": 741.2003990557554,
            "y": 214.69972459532374
          },
          "p1": {
            "x": 740.1887084082733,
            "y": 403.86479878597123
          },
          "p2": {
            "x": 732.6993873651079,
            "y": 462.8379327787769
          },
          "p3": {
            "x": 728.4769840377697,
            "y": 622.0141074640287
          },
          "segment": "descender"
        },
        {
          "p0": {
            "x": 728.4769840377697,
            "y": 622.0141074640287
          },
          "p1": {
            "x": 726.3657823741007,
            "y": 701.6021948066546
          },
          "p2": {
            "x": 813.1898271276596,
            "y": 756.3996010638299
          },
          "p3": {
            "x": 868.5837765957447,
            "y": 706.2874002659574
          },
          "segment": "descender"
        }
      ]
    }
  ]
}
