{
  "schemaVersion": "2.0",
  "glyph": {
    "char": "U",
    "case": "upper",
    "style": "print",
    "name": "template upper U"
  },
  "guides": {
    "xHeight": 414.62615352348985,
    "baseline": 913.0531669463087,
    "leftSidebearing": 343.6751994680851,
    "rightSidebearing": 911.9762207388601,
    "ascender": 40.792785234899156
  },
  "strokes": [
    {
      "kind": "stroke",
      "phase": "main",
      "segment": "body",
      "curves": [
        {
          "p0": {
            "x": 345.6146560278577,
            "y": 41.3062586920794
          },
          "p1": {
            "x": 344.25825833929537,
            "y": 815.5806215800733
          },
          "p2": {
            "x": 389.8988163126554,
            "y": 907.8609519018497
          },
          "p3": {
            "x": 617.9870166270066,
            "y": 906.722694363752
          },
          "segment": "body"
        },
        {
          "p0": {
            "x": 617.9870166270066,
            "y": 906.722694363752
          },
          "p1": {
            "x": 846.0752169413578,
            "y": 905.5844368256543
          },
          "p2": {
            "x": 909.4597412609705,
            "y": 779.4695086406866
          },
          "p3": {
            "x": 903.3802364718645,
            "y": 42.432642079779555
          },
          "segment": "body"
        }
      ]
    }
  ]
}
