{
  "schemaVersion": "2.0",
  "glyph": {
    "char": "v",
    "case": "lower",
    "style": "print",
    "name": "traced lower v"
  },
  "guides": {
    "xHeight": 174.60151006711408,
    "baseline": 783.5177223154362,
    "leftSidebearing": 396.5408649983692,
    "rightSidebearing": 866.1651738512527
  },
  "strokes": [
    {
      "kind": "stroke",
      "phase": "main",
      "segment": "body",
      "curves": [
        {
          "p0": {
            "x": 411.26278664568343,
            "y": 176.23440310251797
          },
          "p1": {
            "x": 421.54524459732835,
            "y": 247.94878172656144
          },
          "p2": {
            "x": 571.7035746402878,
            "y": 710.4632700089928
          },
          "p3": {
            "x": 615.0025292266187,
            "y": 776.7360330485611
          },
          "segment": "body"
        },
        {
          "p0": {
            "x": 615.0025292266187,
            "y": 776.7360330485611
          },
          "p1": {
            "x": 666.3914961780575,
            "y": 709.8941940197841
          },
          "p2": {
            "x": 849.3037601169065,
            "y": 176.5716333183453
          },
          "p3": {
            "x": 863.6255058453237,
            "y": 177.40065759892084
          },
          "segment": "body"
        }
      ]
    }
  ]
}
