{
  "schemaVersion": "2.0",
  "glyph": {
    "char": "V",
    "case": "upper",
    "style": "print",
    "name": "template upper V"
  },
  "guides": {
    "xHeight": 414.62615352348985,
    "baseline": 913.0531669463087,
    "leftSidebearing": 325.2886554692829,
    "rightSidebearing": 950.159460372016,
    "ascender": 40.792785234899156
  },
  "strokes": [
    {
      "kind": "stroke",
      "phase": "main",
      "segment": "body",
      "curves": [
        {
          "p0": {
            "x": 326.3136599174775,
            "y": 40.79797978468325
          },
          "p1": {
            "x": 336.5961178691224,
            "y": 112.51235840872668
          },
          "p2": {
            "x": 584.293010054526,
            "y": 841.0331415520875
          },
          "p3": {
            "x": 627.5919646408569,
            "y": 907.3059045916558
          },
          "segment": "body"
        },
        {
          "p0": {
            "x": 627.5919646408569,
            "y": 907.3059045916558
          },
          "p1": {
            "x": 678.9809315922957,
            "y": 840.4640655628788
          },
          "p2": {
            "x": 941.0130727557898,
            "y": 57.88047311677921
          },
          "p3": {
            "x": 949.8197301947838,
            "y": 41.32029984890399
          },
          "segment": "body"
        }
      ]
    }
  ]
}
