{
  "schemaVersion": "2.0",
  "glyph": {
    "char": "W",
    "case": "upper",
    "style": "print",
    "name": "template upper W"
  },
  "guides": {
    "xHeight": 414.62615352348985,
    "baseline": 913.0531669463087,
    "leftSidebearing": 46.95891085104961,
    "rightSidebearing": 1158.273694691828,
    "ascender": 40.792785234899156
  },
  "strokes": [
    {
      "kind": "stroke",
      "phase": "main",
      "segment": "body",
      "curves": [
        {
          "p0": {
            "x": 45.249026498076255,
            "y": 39.71681070919031
          },
          "p1": {
            "x": 131.23707089182628,
            "y": 329.37463210523674
          },
          "p2": {
            "x": 217.22511528557632,
            "y": 619.0324535012832
          },
          "p3": {
            "x": 303.21315967932634,
            "y": 908.6902748973296
          },
          "segment": "body"
        },
        {
          "p0": {
            "x": 303.21315967932634,
            "y": 908.6902748973296
          },
          "p1": {
            "x": 402.41393264500954,
            "y": 618.832111057945
          },
          "p2": {
            "x": 502.707118581299,
            "y": 330.1085385079092
          },
          "p3": {
            "x": 601.9078915469822,
            "y": 40.250374668524486
          },
          "segment": "body"
        },
        {
          "p0": {
            "x": 601.9078915469822,
            "y": 40.250374668524486
          },
          "p1": {
            "x": 691.017753141398,
            "y": 319.3782974322162
          },
          "p2": {
            "x": 815.3694081387295,
            "y": 627.0389943549806
          },
          "p3": {
            "x": 904.4792697331452,
            "y": 906.1669171186722
          },
          "segment": "body"
        },
        {
          "p0": {
            "x": 904.4792697331452,
            "y": 906.1669171186722
          },
          "p1": {
            "x": 990.8929968634053,
            "y": 617.6873879910372
          },
          "p2": {
            "x": 1062.2988690511152,
            "y": 326.69084325924814
          },
          "p3": {
            "x": 1148.7125961813754,
            "y": 38.21131413161311
          },
          "segment": "body"
        }
      ]
    }
  ]
}
