{
  "schemaVersion": "2.0",
  "glyph": {
    "char": "y",
    "case": "lower",
    "style": "print",
    "name": "traced lower y"
  },
  "guides": {
    "xHeight": 35.24800755033539,
    "baseline": 536.6374790268455,
    "leftSidebearing": 408.2487915917266,
    "rightSidebearing": 835.4948853417266,
    "descender": 950.4771392617447
  },
  "strokes": [
    {
      "kind": "stroke",
      "phase": "main",
      "segment": "body",
      "curves": [
        {
          "p0": {
            "x": 408.30499662769785,
            "y": 39.14680755395683
          },
          "p1": {
            "x": 410.0368142985611,
            "y": 164.43134554856115
          },
          "p2": {
            "x": 420.62443794964037,
            "y": 530.0345660971223
          },
          "p3": {
            "x": 581.6624044514389,
            "y": 532.6656643435251
          },
          "segment": "body"
        },
        {
          "p0": {
            "x": 581.6624044514389,
            "y": 532.6656643435251
          },
          "p1": {
            "x": 884.7831890737409,
            "y": 536.6246065647482
          },
          "p2": {
            "x": 826.5993944512697,
            "y": 165.1501695069206
          },
          "p3": {
            "x": 832.8637870953237,
            "y": 37.53442558453237
          },
          "segment": "body"
        },
        {
          "p0": {
            "x": 832.8637870953237,
            "y": 37.53442558453237
          },
          "p1": {
            "x": 841.7700377119347,
            "y": 823.5309779390376
          },
          "p2": {
            "x": 684.414652073637,
            "y": 1160.233105598612
          },
          "p3": {
            "x": 416.32924311211764,
            "y": 796.5707202667886
          },
          "segment": "descender"
        }
      ]
    }
  ]
}
