{
  "schemaVersion": "2.0",
  "glyph": {
    "char": "z",
    "case": "lower",
    "style": "print",
    "name": "traced lower z"
  },
  "guides": {
    "xHeight": 200,
    "baseline": 800,
    "leftSidebearing": 435.368499512321,
    "rightSidebearing": 939.8402440795861
  },
  "strokes": [
    {
      "kind": "stroke",
      "phase": "main",
      "segment": "body",
      "curves": [
        {
          "p0": {
            "x": 498.0730914429532,
            "y": 198.3536073825503
          },
          "p1": {
            "x": 640.6046477613919,
            "y": 199.5915869134875
          },
          "p2": {
            "x": 783.1362040798307,
            "y": 200.8295664444247
          },
          "p3": {
            "x": 925.6677603982694,
            "y": 202.0675459753619
          },
          "segment": "body"
        },
        {
          "p0": {
            "x": 925.6677603982694,
            "y": 202.0675459753619
          },
          "p1": {
            "x": 768.6147668484342,
            "y": 397.14542030937224
          },
          "p2": {
            "x": 594.1244301505546,
            "y": 604.0769424375723
          },
          "p3": {
            "x": 437.0714366007194,
            "y": 799.1548167715827
          },
          "segment": "body"
        },
        {
          "p0": {
            "x": 437.0714366007194,
            "y": 799.1548167715827
          },
          "p1": {
            "x": 589.247406195165,
            "y": 801.657684022554
          },
          "p2": {
            "x": 754.4643992433205,
            "y": 795.2954565407089
          },
          "p3": {
            "x": 910.1666615796491,
            "y": 795.4012021759266
          },
          "segment": "body"
        }
      ]
    }
  ]
}
