{
  "schemaVersion": "2.0",
  "glyph": {
    "char": "l",
    "case": "lower",
    "style": "cursive",
    "name": "traced lower l"
  },
  "guides": {
    "xHeight": 351.641149328859,
    "baseline": 924.3524538590602,
    "leftSidebearing": 524.3553048050047,
    "rightSidebearing": 744.7747845032231,
    "ascender": 45.734584731543464
  },
  "strokes": [
    {
      "kind": "stroke",
      "phase": "main",
      "segment": "entry",
      "curves": [
        {
          "p0": {
            "x": 547.1678947046291,
            "y": 134.25180688521846
          },
          "p1": {
            "x": 548.1651020028609,
            "y": 109.16024431704189
          },
          "p2": {
            "x": 550.5020687246708,
            "y": 68.37370459242261
          },
          "p3": {
            "x": 551.5974488549953,
            "y": 49.04332518749099
          },
          "segment": "entry"
        },
        {
          "p0": {
            "x": 551.5974488549953,
            "y": 49.04332518749099
          },
          "p1": {
            "x": 540.6203462888868,
            "y": 275.0649687549193
          },
          "p2": {
            "x": 523.7693199214312,
            "y": 571.5067536988296
          },
          "p3": {
            "x": 529.5072964500177,
            "y": 739.3352544926706
          },
          "segment": "body"
        },
        {
          "p0": {
            "x": 529.5072964500177,
            "y": 739.3352544926706
          },
          "p1": {
            "x": 535.2452729786042,
            "y": 907.1637552865117
          },
          "p2": {
            "x": 695.8090392522674,
            "y": 924.4729287332768
          },
          "p3": {
            "x": 737.6105418222413,
            "y": 924.4426679405377
          },
          "segment": "body"
        },
        {
          "p0": {
            "x": 737.6105418222413,
            "y": 924.4426679405377
          },
          "p1": {
            "x": 800.564338516846,
            "y": 921.7343269903882
          },
          "p2": {
            "x": 832.5159530502428,
            "y": 886.5183294402609
          },
          "p3": {
            "x": 864.0439164852924,
            "y": 863.5390399540071
          },
          "segment": "lead-out"
        }
      ]
    }
  ]
}