{
  "schemaVersion": "2.0",
  "glyph": {
    "char": "x",
    "case": "lower",
    "style": "cursive",
    "name": "traced lower x"
  },
  "guides": {
    "xHeight": 200,
    "baseline": 807.5975251677851,
    "leftSidebearing": 360.1928005408812,
    "rightSidebearing": 940.2186892113485
  },
  "strokes": [
    {
      "kind": "stroke",
      "phase": "main",
      "segment": "lead-in",
      "curves": [
        {
          "p0": {
            "x": 291.5625701926545,
            "y": 804.525219028232
          },
          "p1": {
            "x": 337.40341056839844,
            "y": 804.8305984237772
          },
          "p2": {
            "x": 330.07533119791503,
            "y": 804.4488661106616
          },
          "p3": {
            "x": 362.3949287282777,
            "y": 804.8456475245758
          },
          "segment": "lead-in"
        },
        {
          "p0": {
            "x": 362.3949287282777,
            "y": 804.8456475245758
          },
          "p1": {
            "x": 459.2745397150471,
            "y": 804.8370597098269
          },
          "p2": {
            "x": 838.7063457273114,
            "y": 301.3703808341511
          },
          "p3": {
            "x": 935.5322134927862,
            "y": 207.84427392546507
          },
          "segment": "body"
        }
      ]
    },
    {
      "kind": "stroke",
      "phase": "main",
      "segment": "body",
      "curves": [
        {
          "p0": {
            "x": 365.5615796930116,
            "y": 204.80495510500165
          },
          "p1": {
            "x": 385.31623677100674,
            "y": 229.0285821729147
          },
          "p2": {
            "x": 819.8222775379193,
            "y": 803.1953847820575
          },
          "p3": {
            "x": 941.8188682677173,
            "y": 803.9905229921435
          },
          "segment": "body"
        },
        {
          "p0": {
            "x": 941.8188682677173,
            "y": 803.9905229921435
          },
          "p1": {
            "x": 1063.8154589975154,
            "y": 804.7856612022294
          },
          "p2": {
            "x": 1081.3799567425228,
            "y": 756.7050120570012
          },
          "p3": {
            "x": 1123.6937650762773,
            "y": 725.1648221075613
          },
          "segment": "lead-out"
        }
      ]
    }
  ]
}